{
  "0": {
    "precision": 0.9966666666666667,
    "recall": 0.9771241830065359,
    "f1-score": 0.9867986798679867,
    "support": 306.0
  },
  "1": {
    "precision": 0.9766666666666667,
    "recall": 0.9965986394557823,
    "f1-score": 0.9865319865319865,
    "support": 294.0
  },
  "accuracy": 0.9866666666666667,
  "macro avg": {
    "precision": 0.9866666666666667,
    "recall": 0.9868614112311591,
    "f1-score": 0.9866653331999866,
    "support": 600.0
  },
  "weighted avg": {
    "precision": 0.9868666666666667,
    "recall": 0.9866666666666667,
    "f1-score": 0.9866680001333468,
    "support": 600.0
  }
}